<?xml version="1.0" encoding="UTF-8" ?>
<!DOCTYPE mapper PUBLIC "-//mybatis.org//DTD Mapper 3.0//EN" "http://mybatis.org/dtd/mybatis-3-mapper.dtd" >
<mapper namespace="com.qunar.study.mapper.ContractMapper" >
  <resultMap id="BaseResultMap" type="com.qunar.study.entity.Contract" >
    <!--
      WARNING - @mbggenerated
      This element is automatically generated by MyBatis Generator, do not modify.
      This element was generated on Sat Jul 26 01:33:48 CST 2014.
    -->
    <id column="id" property="id" jdbcType="INTEGER" />
    <result column="contract_number" property="contractNumber" jdbcType="VARCHAR" />
    <result column="contract_type" property="contractType" jdbcType="INTEGER" />
    <result column="merchant_id" property="merchantId" jdbcType="INTEGER" />
    <result column="user_id" property="userId" jdbcType="VARCHAR" />
    <result column="company_name" property="companyName" jdbcType="VARCHAR" />
    <result column="website" property="website" jdbcType="VARCHAR" />
    <result column="adress" property="adress" jdbcType="VARCHAR" />
    <result column="fax" property="fax" jdbcType="VARCHAR" />
    <result column="contact_name" property="contactName" jdbcType="VARCHAR" />
    <result column="telephone" property="telephone" jdbcType="VARCHAR" />
    <result column="email" property="email" jdbcType="VARCHAR" />
    <result column="send_website_name" property="sendWebsiteName" jdbcType="VARCHAR" />
    <result column="merchant_bank_name" property="merchantBankName" jdbcType="VARCHAR" />
    <result column="bank_name" property="bankName" jdbcType="VARCHAR" />
    <result column="bank_number" property="bankNumber" jdbcType="VARCHAR" />
    <result column="pay_way" property="payWay" jdbcType="VARCHAR" />
    <result column="promise_money" property="promiseMoney" jdbcType="VARCHAR" />
    <result column="qunar_username" property="qunarUsername" jdbcType="VARCHAR" />
    <result column="qunar_domain_name" property="qunarDomainName" jdbcType="VARCHAR" />
    <result column="phone_service_name" property="phoneServiceName" jdbcType="VARCHAR" />
    <result column="finance_contact" property="financeContact" jdbcType="VARCHAR" />
    <result column="merchant_telephone" property="merchantTelephone" jdbcType="VARCHAR" />
    <result column="merchant_email" property="merchantEmail" jdbcType="VARCHAR" />
    <result column="receive_number" property="receiveNumber" jdbcType="VARCHAR" />
    <result column="account_type" property="accountType" jdbcType="VARCHAR" />
    <result column="account_name" property="accountName" jdbcType="VARCHAR" />
    <result column="account_bank" property="accountBank" jdbcType="VARCHAR" />
    <result column="comment" property="comment" jdbcType="VARCHAR" />
  </resultMap>
  <sql id="Example_Where_Clause" >
    <!--
      WARNING - @mbggenerated
      This element is automatically generated by MyBatis Generator, do not modify.
      This element was generated on Sat Jul 26 01:33:48 CST 2014.
    -->
    <where >
      <foreach collection="oredCriteria" item="criteria" separator="or" >
        <if test="criteria.valid" >
          <trim prefix="(" suffix=")" prefixOverrides="and" >
            <foreach collection="criteria.criteria" item="criterion" >
              <choose >
                <when test="criterion.noValue" >
                  and ${criterion.condition}
                </when>
                <when test="criterion.singleValue" >
                  and ${criterion.condition} #{criterion.value}
                </when>
                <when test="criterion.betweenValue" >
                  and ${criterion.condition} #{criterion.value} and #{criterion.secondValue}
                </when>
                <when test="criterion.listValue" >
                  and ${criterion.condition}
                  <foreach collection="criterion.value" item="listItem" open="(" close=")" separator="," >
                    #{listItem}
                  </foreach>
                </when>
              </choose>
            </foreach>
          </trim>
        </if>
      </foreach>
    </where>
  </sql>
  <sql id="Update_By_Example_Where_Clause" >
    <!--
      WARNING - @mbggenerated
      This element is automatically generated by MyBatis Generator, do not modify.
      This element was generated on Sat Jul 26 01:33:48 CST 2014.
    -->
    <where >
      <foreach collection="example.oredCriteria" item="criteria" separator="or" >
        <if test="criteria.valid" >
          <trim prefix="(" suffix=")" prefixOverrides="and" >
            <foreach collection="criteria.criteria" item="criterion" >
              <choose >
                <when test="criterion.noValue" >
                  and ${criterion.condition}
                </when>
                <when test="criterion.singleValue" >
                  and ${criterion.condition} #{criterion.value}
                </when>
                <when test="criterion.betweenValue" >
                  and ${criterion.condition} #{criterion.value} and #{criterion.secondValue}
                </when>
                <when test="criterion.listValue" >
                  and ${criterion.condition}
                  <foreach collection="criterion.value" item="listItem" open="(" close=")" separator="," >
                    #{listItem}
                  </foreach>
                </when>
              </choose>
            </foreach>
          </trim>
        </if>
      </foreach>
    </where>
  </sql>
  <sql id="Base_Column_List" >
    <!--
      WARNING - @mbggenerated
      This element is automatically generated by MyBatis Generator, do not modify.
      This element was generated on Sat Jul 26 01:33:48 CST 2014.
    -->
    id, contract_number, contract_type, merchant_id, user_id, company_name, website, 
    adress, fax, contact_name, telephone, email, send_website_name, merchant_bank_name, 
    bank_name, bank_number, pay_way, promise_money, qunar_username, qunar_domain_name, 
    phone_service_name, finance_contact, merchant_telephone, merchant_email, receive_number, 
    account_type, account_name, account_bank, comment
  </sql>
  <select id="selectByExample" resultMap="BaseResultMap" parameterType="com.qunar.study.entity.ContractExample" >
    <!--
      WARNING - @mbggenerated
      This element is automatically generated by MyBatis Generator, do not modify.
      This element was generated on Sat Jul 26 01:33:48 CST 2014.
    -->
    select
    <if test="distinct" >
      distinct
    </if>
    <include refid="Base_Column_List" />
    from public.contract
    <if test="_parameter != null" >
      <include refid="Example_Where_Clause" />
    </if>
    <if test="orderByClause != null" >
      order by ${orderByClause}
    </if>
  </select>
  <select id="selectByPrimaryKey" resultMap="BaseResultMap" parameterType="java.lang.Integer" >
    <!--
      WARNING - @mbggenerated
      This element is automatically generated by MyBatis Generator, do not modify.
      This element was generated on Sat Jul 26 01:33:48 CST 2014.
    -->
    select 
    <include refid="Base_Column_List" />
    from public.contract
    where id = #{id,jdbcType=INTEGER}
  </select>
  <delete id="deleteByPrimaryKey" parameterType="java.lang.Integer" >
    <!--
      WARNING - @mbggenerated
      This element is automatically generated by MyBatis Generator, do not modify.
      This element was generated on Sat Jul 26 01:33:48 CST 2014.
    -->
    delete from public.contract
    where id = #{id,jdbcType=INTEGER}
  </delete>
  <delete id="deleteByExample" parameterType="com.qunar.study.entity.ContractExample" >
    <!--
      WARNING - @mbggenerated
      This element is automatically generated by MyBatis Generator, do not modify.
      This element was generated on Sat Jul 26 01:33:48 CST 2014.
    -->
    delete from public.contract
    <if test="_parameter != null" >
      <include refid="Example_Where_Clause" />
    </if>
  </delete>
  <insert id="insert" parameterType="com.qunar.study.entity.Contract" >
    <!--
      WARNING - @mbggenerated
      This element is automatically generated by MyBatis Generator, do not modify.
      This element was generated on Sat Jul 26 01:33:48 CST 2014.
    -->
    insert into public.contract (id, contract_number, contract_type, 
      merchant_id, user_id, company_name, 
      website, adress, fax, 
      contact_name, telephone, email, 
      send_website_name, merchant_bank_name, bank_name, 
      bank_number, pay_way, promise_money, 
      qunar_username, qunar_domain_name, phone_service_name, 
      finance_contact, merchant_telephone, merchant_email, 
      receive_number, account_type, account_name, 
      account_bank, comment)
    values (#{id,jdbcType=INTEGER}, #{contractNumber,jdbcType=VARCHAR}, #{contractType,jdbcType=INTEGER}, 
      #{merchantId,jdbcType=INTEGER}, #{userId,jdbcType=VARCHAR}, #{companyName,jdbcType=VARCHAR}, 
      #{website,jdbcType=VARCHAR}, #{adress,jdbcType=VARCHAR}, #{fax,jdbcType=VARCHAR}, 
      #{contactName,jdbcType=VARCHAR}, #{telephone,jdbcType=VARCHAR}, #{email,jdbcType=VARCHAR}, 
      #{sendWebsiteName,jdbcType=VARCHAR}, #{merchantBankName,jdbcType=VARCHAR}, #{bankName,jdbcType=VARCHAR}, 
      #{bankNumber,jdbcType=VARCHAR}, #{payWay,jdbcType=VARCHAR}, #{promiseMoney,jdbcType=VARCHAR}, 
      #{qunarUsername,jdbcType=VARCHAR}, #{qunarDomainName,jdbcType=VARCHAR}, #{phoneServiceName,jdbcType=VARCHAR}, 
      #{financeContact,jdbcType=VARCHAR}, #{merchantTelephone,jdbcType=VARCHAR}, #{merchantEmail,jdbcType=VARCHAR}, 
      #{receiveNumber,jdbcType=VARCHAR}, #{accountType,jdbcType=VARCHAR}, #{accountName,jdbcType=VARCHAR}, 
      #{accountBank,jdbcType=VARCHAR}, #{comment,jdbcType=VARCHAR})
  </insert>
  <insert id="insertSelective" parameterType="com.qunar.study.entity.Contract" >
    <!--
      WARNING - @mbggenerated
      This element is automatically generated by MyBatis Generator, do not modify.
      This element was generated on Sat Jul 26 01:33:48 CST 2014.
    -->
    insert into public.contract
    <trim prefix="(" suffix=")" suffixOverrides="," >
      <if test="id != null" >
        id,
      </if>
      <if test="contractNumber != null" >
        contract_number,
      </if>
      <if test="contractType != null" >
        contract_type,
      </if>
      <if test="merchantId != null" >
        merchant_id,
      </if>
      <if test="userId != null" >
        user_id,
      </if>
      <if test="companyName != null" >
        company_name,
      </if>
      <if test="website != null" >
        website,
      </if>
      <if test="adress != null" >
        adress,
      </if>
      <if test="fax != null" >
        fax,
      </if>
      <if test="contactName != null" >
        contact_name,
      </if>
      <if test="telephone != null" >
        telephone,
      </if>
      <if test="email != null" >
        email,
      </if>
      <if test="sendWebsiteName != null" >
        send_website_name,
      </if>
      <if test="merchantBankName != null" >
        merchant_bank_name,
      </if>
      <if test="bankName != null" >
        bank_name,
      </if>
      <if test="bankNumber != null" >
        bank_number,
      </if>
      <if test="payWay != null" >
        pay_way,
      </if>
      <if test="promiseMoney != null" >
        promise_money,
      </if>
      <if test="qunarUsername != null" >
        qunar_username,
      </if>
      <if test="qunarDomainName != null" >
        qunar_domain_name,
      </if>
      <if test="phoneServiceName != null" >
        phone_service_name,
      </if>
      <if test="financeContact != null" >
        finance_contact,
      </if>
      <if test="merchantTelephone != null" >
        merchant_telephone,
      </if>
      <if test="merchantEmail != null" >
        merchant_email,
      </if>
      <if test="receiveNumber != null" >
        receive_number,
      </if>
      <if test="accountType != null" >
        account_type,
      </if>
      <if test="accountName != null" >
        account_name,
      </if>
      <if test="accountBank != null" >
        account_bank,
      </if>
      <if test="comment != null" >
        comment,
      </if>
    </trim>
    <trim prefix="values (" suffix=")" suffixOverrides="," >
      <if test="id != null" >
        #{id,jdbcType=INTEGER},
      </if>
      <if test="contractNumber != null" >
        #{contractNumber,jdbcType=VARCHAR},
      </if>
      <if test="contractType != null" >
        #{contractType,jdbcType=INTEGER},
      </if>
      <if test="merchantId != null" >
        #{merchantId,jdbcType=INTEGER},
      </if>
      <if test="userId != null" >
        #{userId,jdbcType=VARCHAR},
      </if>
      <if test="companyName != null" >
        #{companyName,jdbcType=VARCHAR},
      </if>
      <if test="website != null" >
        #{website,jdbcType=VARCHAR},
      </if>
      <if test="adress != null" >
        #{adress,jdbcType=VARCHAR},
      </if>
      <if test="fax != null" >
        #{fax,jdbcType=VARCHAR},
      </if>
      <if test="contactName != null" >
        #{contactName,jdbcType=VARCHAR},
      </if>
      <if test="telephone != null" >
        #{telephone,jdbcType=VARCHAR},
      </if>
      <if test="email != null" >
        #{email,jdbcType=VARCHAR},
      </if>
      <if test="sendWebsiteName != null" >
        #{sendWebsiteName,jdbcType=VARCHAR},
      </if>
      <if test="merchantBankName != null" >
        #{merchantBankName,jdbcType=VARCHAR},
      </if>
      <if test="bankName != null" >
        #{bankName,jdbcType=VARCHAR},
      </if>
      <if test="bankNumber != null" >
        #{bankNumber,jdbcType=VARCHAR},
      </if>
      <if test="payWay != null" >
        #{payWay,jdbcType=VARCHAR},
      </if>
      <if test="promiseMoney != null" >
        #{promiseMoney,jdbcType=VARCHAR},
      </if>
      <if test="qunarUsername != null" >
        #{qunarUsername,jdbcType=VARCHAR},
      </if>
      <if test="qunarDomainName != null" >
        #{qunarDomainName,jdbcType=VARCHAR},
      </if>
      <if test="phoneServiceName != null" >
        #{phoneServiceName,jdbcType=VARCHAR},
      </if>
      <if test="financeContact != null" >
        #{financeContact,jdbcType=VARCHAR},
      </if>
      <if test="merchantTelephone != null" >
        #{merchantTelephone,jdbcType=VARCHAR},
      </if>
      <if test="merchantEmail != null" >
        #{merchantEmail,jdbcType=VARCHAR},
      </if>
      <if test="receiveNumber != null" >
        #{receiveNumber,jdbcType=VARCHAR},
      </if>
      <if test="accountType != null" >
        #{accountType,jdbcType=VARCHAR},
      </if>
      <if test="accountName != null" >
        #{accountName,jdbcType=VARCHAR},
      </if>
      <if test="accountBank != null" >
        #{accountBank,jdbcType=VARCHAR},
      </if>
      <if test="comment != null" >
        #{comment,jdbcType=VARCHAR},
      </if>
    </trim>
  </insert>
  <select id="countByExample" parameterType="com.qunar.study.entity.ContractExample" resultType="java.lang.Integer" >
    <!--
      WARNING - @mbggenerated
      This element is automatically generated by MyBatis Generator, do not modify.
      This element was generated on Sat Jul 26 01:33:48 CST 2014.
    -->
    select count(*) from public.contract
    <if test="_parameter != null" >
      <include refid="Example_Where_Clause" />
    </if>
  </select>
  <update id="updateByExampleSelective" parameterType="map" >
    <!--
      WARNING - @mbggenerated
      This element is automatically generated by MyBatis Generator, do not modify.
      This element was generated on Sat Jul 26 01:33:48 CST 2014.
    -->
    update public.contract
    <set >
      <if test="record.id != null" >
        id = #{record.id,jdbcType=INTEGER},
      </if>
      <if test="record.contractNumber != null" >
        contract_number = #{record.contractNumber,jdbcType=VARCHAR},
      </if>
      <if test="record.contractType != null" >
        contract_type = #{record.contractType,jdbcType=INTEGER},
      </if>
      <if test="record.merchantId != null" >
        merchant_id = #{record.merchantId,jdbcType=INTEGER},
      </if>
      <if test="record.userId != null" >
        user_id = #{record.userId,jdbcType=VARCHAR},
      </if>
      <if test="record.companyName != null" >
        company_name = #{record.companyName,jdbcType=VARCHAR},
      </if>
      <if test="record.website != null" >
        website = #{record.website,jdbcType=VARCHAR},
      </if>
      <if test="record.adress != null" >
        adress = #{record.adress,jdbcType=VARCHAR},
      </if>
      <if test="record.fax != null" >
        fax = #{record.fax,jdbcType=VARCHAR},
      </if>
      <if test="record.contactName != null" >
        contact_name = #{record.contactName,jdbcType=VARCHAR},
      </if>
      <if test="record.telephone != null" >
        telephone = #{record.telephone,jdbcType=VARCHAR},
      </if>
      <if test="record.email != null" >
        email = #{record.email,jdbcType=VARCHAR},
      </if>
      <if test="record.sendWebsiteName != null" >
        send_website_name = #{record.sendWebsiteName,jdbcType=VARCHAR},
      </if>
      <if test="record.merchantBankName != null" >
        merchant_bank_name = #{record.merchantBankName,jdbcType=VARCHAR},
      </if>
      <if test="record.bankName != null" >
        bank_name = #{record.bankName,jdbcType=VARCHAR},
      </if>
      <if test="record.bankNumber != null" >
        bank_number = #{record.bankNumber,jdbcType=VARCHAR},
      </if>
      <if test="record.payWay != null" >
        pay_way = #{record.payWay,jdbcType=VARCHAR},
      </if>
      <if test="record.promiseMoney != null" >
        promise_money = #{record.promiseMoney,jdbcType=VARCHAR},
      </if>
      <if test="record.qunarUsername != null" >
        qunar_username = #{record.qunarUsername,jdbcType=VARCHAR},
      </if>
      <if test="record.qunarDomainName != null" >
        qunar_domain_name = #{record.qunarDomainName,jdbcType=VARCHAR},
      </if>
      <if test="record.phoneServiceName != null" >
        phone_service_name = #{record.phoneServiceName,jdbcType=VARCHAR},
      </if>
      <if test="record.financeContact != null" >
        finance_contact = #{record.financeContact,jdbcType=VARCHAR},
      </if>
      <if test="record.merchantTelephone != null" >
        merchant_telephone = #{record.merchantTelephone,jdbcType=VARCHAR},
      </if>
      <if test="record.merchantEmail != null" >
        merchant_email = #{record.merchantEmail,jdbcType=VARCHAR},
      </if>
      <if test="record.receiveNumber != null" >
        receive_number = #{record.receiveNumber,jdbcType=VARCHAR},
      </if>
      <if test="record.accountType != null" >
        account_type = #{record.accountType,jdbcType=VARCHAR},
      </if>
      <if test="record.accountName != null" >
        account_name = #{record.accountName,jdbcType=VARCHAR},
      </if>
      <if test="record.accountBank != null" >
        account_bank = #{record.accountBank,jdbcType=VARCHAR},
      </if>
      <if test="record.comment != null" >
        comment = #{record.comment,jdbcType=VARCHAR},
      </if>
    </set>
    <if test="_parameter != null" >
      <include refid="Update_By_Example_Where_Clause" />
    </if>
  </update>
  <update id="updateByExample" parameterType="map" >
    <!--
      WARNING - @mbggenerated
      This element is automatically generated by MyBatis Generator, do not modify.
      This element was generated on Sat Jul 26 01:33:48 CST 2014.
    -->
    update public.contract
    set id = #{record.id,jdbcType=INTEGER},
      contract_number = #{record.contractNumber,jdbcType=VARCHAR},
      contract_type = #{record.contractType,jdbcType=INTEGER},
      merchant_id = #{record.merchantId,jdbcType=INTEGER},
      user_id = #{record.userId,jdbcType=VARCHAR},
      company_name = #{record.companyName,jdbcType=VARCHAR},
      website = #{record.website,jdbcType=VARCHAR},
      adress = #{record.adress,jdbcType=VARCHAR},
      fax = #{record.fax,jdbcType=VARCHAR},
      contact_name = #{record.contactName,jdbcType=VARCHAR},
      telephone = #{record.telephone,jdbcType=VARCHAR},
      email = #{record.email,jdbcType=VARCHAR},
      send_website_name = #{record.sendWebsiteName,jdbcType=VARCHAR},
      merchant_bank_name = #{record.merchantBankName,jdbcType=VARCHAR},
      bank_name = #{record.bankName,jdbcType=VARCHAR},
      bank_number = #{record.bankNumber,jdbcType=VARCHAR},
      pay_way = #{record.payWay,jdbcType=VARCHAR},
      promise_money = #{record.promiseMoney,jdbcType=VARCHAR},
      qunar_username = #{record.qunarUsername,jdbcType=VARCHAR},
      qunar_domain_name = #{record.qunarDomainName,jdbcType=VARCHAR},
      phone_service_name = #{record.phoneServiceName,jdbcType=VARCHAR},
      finance_contact = #{record.financeContact,jdbcType=VARCHAR},
      merchant_telephone = #{record.merchantTelephone,jdbcType=VARCHAR},
      merchant_email = #{record.merchantEmail,jdbcType=VARCHAR},
      receive_number = #{record.receiveNumber,jdbcType=VARCHAR},
      account_type = #{record.accountType,jdbcType=VARCHAR},
      account_name = #{record.accountName,jdbcType=VARCHAR},
      account_bank = #{record.accountBank,jdbcType=VARCHAR},
      comment = #{record.comment,jdbcType=VARCHAR}
    <if test="_parameter != null" >
      <include refid="Update_By_Example_Where_Clause" />
    </if>
  </update>
  <update id="updateByPrimaryKeySelective" parameterType="com.qunar.study.entity.Contract" >
    <!--
      WARNING - @mbggenerated
      This element is automatically generated by MyBatis Generator, do not modify.
      This element was generated on Sat Jul 26 01:33:48 CST 2014.
    -->
    update public.contract
    <set >
      <if test="contractNumber != null" >
        contract_number = #{contractNumber,jdbcType=VARCHAR},
      </if>
      <if test="contractType != null" >
        contract_type = #{contractType,jdbcType=INTEGER},
      </if>
      <if test="merchantId != null" >
        merchant_id = #{merchantId,jdbcType=INTEGER},
      </if>
      <if test="userId != null" >
        user_id = #{userId,jdbcType=VARCHAR},
      </if>
      <if test="companyName != null" >
        company_name = #{companyName,jdbcType=VARCHAR},
      </if>
      <if test="website != null" >
        website = #{website,jdbcType=VARCHAR},
      </if>
      <if test="adress != null" >
        adress = #{adress,jdbcType=VARCHAR},
      </if>
      <if test="fax != null" >
        fax = #{fax,jdbcType=VARCHAR},
      </if>
      <if test="contactName != null" >
        contact_name = #{contactName,jdbcType=VARCHAR},
      </if>
      <if test="telephone != null" >
        telephone = #{telephone,jdbcType=VARCHAR},
      </if>
      <if test="email != null" >
        email = #{email,jdbcType=VARCHAR},
      </if>
      <if test="sendWebsiteName != null" >
        send_website_name = #{sendWebsiteName,jdbcType=VARCHAR},
      </if>
      <if test="merchantBankName != null" >
        merchant_bank_name = #{merchantBankName,jdbcType=VARCHAR},
      </if>
      <if test="bankName != null" >
        bank_name = #{bankName,jdbcType=VARCHAR},
      </if>
      <if test="bankNumber != null" >
        bank_number = #{bankNumber,jdbcType=VARCHAR},
      </if>
      <if test="payWay != null" >
        pay_way = #{payWay,jdbcType=VARCHAR},
      </if>
      <if test="promiseMoney != null" >
        promise_money = #{promiseMoney,jdbcType=VARCHAR},
      </if>
      <if test="qunarUsername != null" >
        qunar_username = #{qunarUsername,jdbcType=VARCHAR},
      </if>
      <if test="qunarDomainName != null" >
        qunar_domain_name = #{qunarDomainName,jdbcType=VARCHAR},
      </if>
      <if test="phoneServiceName != null" >
        phone_service_name = #{phoneServiceName,jdbcType=VARCHAR},
      </if>
      <if test="financeContact != null" >
        finance_contact = #{financeContact,jdbcType=VARCHAR},
      </if>
      <if test="merchantTelephone != null" >
        merchant_telephone = #{merchantTelephone,jdbcType=VARCHAR},
      </if>
      <if test="merchantEmail != null" >
        merchant_email = #{merchantEmail,jdbcType=VARCHAR},
      </if>
      <if test="receiveNumber != null" >
        receive_number = #{receiveNumber,jdbcType=VARCHAR},
      </if>
      <if test="accountType != null" >
        account_type = #{accountType,jdbcType=VARCHAR},
      </if>
      <if test="accountName != null" >
        account_name = #{accountName,jdbcType=VARCHAR},
      </if>
      <if test="accountBank != null" >
        account_bank = #{accountBank,jdbcType=VARCHAR},
      </if>
      <if test="comment != null" >
        comment = #{comment,jdbcType=VARCHAR},
      </if>
    </set>
    where id = #{id,jdbcType=INTEGER}
  </update>
  <update id="updateByPrimaryKey" parameterType="com.qunar.study.entity.Contract" >
    <!--
      WARNING - @mbggenerated
      This element is automatically generated by MyBatis Generator, do not modify.
      This element was generated on Sat Jul 26 01:33:48 CST 2014.
    -->
    update public.contract
    set contract_number = #{contractNumber,jdbcType=VARCHAR},
      contract_type = #{contractType,jdbcType=INTEGER},
      merchant_id = #{merchantId,jdbcType=INTEGER},
      user_id = #{userId,jdbcType=VARCHAR},
      company_name = #{companyName,jdbcType=VARCHAR},
      website = #{website,jdbcType=VARCHAR},
      adress = #{adress,jdbcType=VARCHAR},
      fax = #{fax,jdbcType=VARCHAR},
      contact_name = #{contactName,jdbcType=VARCHAR},
      telephone = #{telephone,jdbcType=VARCHAR},
      email = #{email,jdbcType=VARCHAR},
      send_website_name = #{sendWebsiteName,jdbcType=VARCHAR},
      merchant_bank_name = #{merchantBankName,jdbcType=VARCHAR},
      bank_name = #{bankName,jdbcType=VARCHAR},
      bank_number = #{bankNumber,jdbcType=VARCHAR},
      pay_way = #{payWay,jdbcType=VARCHAR},
      promise_money = #{promiseMoney,jdbcType=VARCHAR},
      qunar_username = #{qunarUsername,jdbcType=VARCHAR},
      qunar_domain_name = #{qunarDomainName,jdbcType=VARCHAR},
      phone_service_name = #{phoneServiceName,jdbcType=VARCHAR},
      finance_contact = #{financeContact,jdbcType=VARCHAR},
      merchant_telephone = #{merchantTelephone,jdbcType=VARCHAR},
      merchant_email = #{merchantEmail,jdbcType=VARCHAR},
      receive_number = #{receiveNumber,jdbcType=VARCHAR},
      account_type = #{accountType,jdbcType=VARCHAR},
      account_name = #{accountName,jdbcType=VARCHAR},
      account_bank = #{accountBank,jdbcType=VARCHAR},
      comment = #{comment,jdbcType=VARCHAR}
    where id = #{id,jdbcType=INTEGER}
  </update>
</mapper>