<?xml version="1.0" encoding="UTF-8" ?>
<!DOCTYPE mapper PUBLIC "-//mybatis.org//DTD Mapper 3.0//EN" "http://mybatis.org/dtd/mybatis-3-mapper.dtd" >
<mapper namespace="com.qunar.study.mapper.ExpressMapper" >
  <resultMap id="BaseResultMap" type="com.qunar.study.entity.Express" >
    <!--
      WARNING - @mbggenerated
      This element is automatically generated by MyBatis Generator, do not modify.
      This element was generated on Sat Jul 26 01:33:48 CST 2014.
    -->
    <id column="id" property="id" jdbcType="INTEGER" />
    <result column="delivery_number" property="deliveryNumber" jdbcType="VARCHAR" />
    <result column="sender_name" property="senderName" jdbcType="VARCHAR" />
    <result column="sender_phone" property="senderPhone" jdbcType="VARCHAR" />
    <result column="sender_addr" property="senderAddr" jdbcType="VARCHAR" />
    <result column="merchant_id" property="merchantId" jdbcType="INTEGER" />
  </resultMap>
  <sql id="Example_Where_Clause" >
    <!--
      WARNING - @mbggenerated
      This element is automatically generated by MyBatis Generator, do not modify.
      This element was generated on Sat Jul 26 01:33:48 CST 2014.
    -->
    <where >
      <foreach collection="oredCriteria" item="criteria" separator="or" >
        <if test="criteria.valid" >
          <trim prefix="(" suffix=")" prefixOverrides="and" >
            <foreach collection="criteria.criteria" item="criterion" >
              <choose >
                <when test="criterion.noValue" >
                  and ${criterion.condition}
                </when>
                <when test="criterion.singleValue" >
                  and ${criterion.condition} #{criterion.value}
                </when>
                <when test="criterion.betweenValue" >
                  and ${criterion.condition} #{criterion.value} and #{criterion.secondValue}
                </when>
                <when test="criterion.listValue" >
                  and ${criterion.condition}
                  <foreach collection="criterion.value" item="listItem" open="(" close=")" separator="," >
                    #{listItem}
                  </foreach>
                </when>
              </choose>
            </foreach>
          </trim>
        </if>
      </foreach>
    </where>
  </sql>
  <sql id="Update_By_Example_Where_Clause" >
    <!--
      WARNING - @mbggenerated
      This element is automatically generated by MyBatis Generator, do not modify.
      This element was generated on Sat Jul 26 01:33:48 CST 2014.
    -->
    <where >
      <foreach collection="example.oredCriteria" item="criteria" separator="or" >
        <if test="criteria.valid" >
          <trim prefix="(" suffix=")" prefixOverrides="and" >
            <foreach collection="criteria.criteria" item="criterion" >
              <choose >
                <when test="criterion.noValue" >
                  and ${criterion.condition}
                </when>
                <when test="criterion.singleValue" >
                  and ${criterion.condition} #{criterion.value}
                </when>
                <when test="criterion.betweenValue" >
                  and ${criterion.condition} #{criterion.value} and #{criterion.secondValue}
                </when>
                <when test="criterion.listValue" >
                  and ${criterion.condition}
                  <foreach collection="criterion.value" item="listItem" open="(" close=")" separator="," >
                    #{listItem}
                  </foreach>
                </when>
              </choose>
            </foreach>
          </trim>
        </if>
      </foreach>
    </where>
  </sql>
  <sql id="Base_Column_List" >
    <!--
      WARNING - @mbggenerated
      This element is automatically generated by MyBatis Generator, do not modify.
      This element was generated on Sat Jul 26 01:33:48 CST 2014.
    -->
    id, delivery_number, sender_name, sender_phone, sender_addr, merchant_id
  </sql>
  <select id="selectByExample" resultMap="BaseResultMap" parameterType="com.qunar.study.entity.ExpressExample" >
    <!--
      WARNING - @mbggenerated
      This element is automatically generated by MyBatis Generator, do not modify.
      This element was generated on Sat Jul 26 01:33:48 CST 2014.
    -->
    select
    <if test="distinct" >
      distinct
    </if>
    <include refid="Base_Column_List" />
    from public.express
    <if test="_parameter != null" >
      <include refid="Example_Where_Clause" />
    </if>
    <if test="orderByClause != null" >
      order by ${orderByClause}
    </if>
  </select>
  <select id="selectByPrimaryKey" resultMap="BaseResultMap" parameterType="java.lang.Integer" >
    <!--
      WARNING - @mbggenerated
      This element is automatically generated by MyBatis Generator, do not modify.
      This element was generated on Sat Jul 26 01:33:48 CST 2014.
    -->
    select 
    <include refid="Base_Column_List" />
    from public.express
    where id = #{id,jdbcType=INTEGER}
  </select>
  <delete id="deleteByPrimaryKey" parameterType="java.lang.Integer" >
    <!--
      WARNING - @mbggenerated
      This element is automatically generated by MyBatis Generator, do not modify.
      This element was generated on Sat Jul 26 01:33:48 CST 2014.
    -->
    delete from public.express
    where id = #{id,jdbcType=INTEGER}
  </delete>
  <delete id="deleteByExample" parameterType="com.qunar.study.entity.ExpressExample" >
    <!--
      WARNING - @mbggenerated
      This element is automatically generated by MyBatis Generator, do not modify.
      This element was generated on Sat Jul 26 01:33:48 CST 2014.
    -->
    delete from public.express
    <if test="_parameter != null" >
      <include refid="Example_Where_Clause" />
    </if>
  </delete>
  <insert id="insert" parameterType="com.qunar.study.entity.Express" >
    <!--
      WARNING - @mbggenerated
      This element is automatically generated by MyBatis Generator, do not modify.
      This element was generated on Sat Jul 26 01:33:48 CST 2014.
    -->
    insert into public.express (id, delivery_number, sender_name, 
      sender_phone, sender_addr, merchant_id
      )
    values (#{id,jdbcType=INTEGER}, #{deliveryNumber,jdbcType=VARCHAR}, #{senderName,jdbcType=VARCHAR}, 
      #{senderPhone,jdbcType=VARCHAR}, #{senderAddr,jdbcType=VARCHAR}, #{merchantId,jdbcType=INTEGER}
      )
  </insert>
  <insert id="insertSelective" parameterType="com.qunar.study.entity.Express" >
    <!--
      WARNING - @mbggenerated
      This element is automatically generated by MyBatis Generator, do not modify.
      This element was generated on Sat Jul 26 01:33:48 CST 2014.
    -->
    insert into public.express
    <trim prefix="(" suffix=")" suffixOverrides="," >
      <if test="id != null" >
        id,
      </if>
      <if test="deliveryNumber != null" >
        delivery_number,
      </if>
      <if test="senderName != null" >
        sender_name,
      </if>
      <if test="senderPhone != null" >
        sender_phone,
      </if>
      <if test="senderAddr != null" >
        sender_addr,
      </if>
      <if test="merchantId != null" >
        merchant_id,
      </if>
    </trim>
    <trim prefix="values (" suffix=")" suffixOverrides="," >
      <if test="id != null" >
        #{id,jdbcType=INTEGER},
      </if>
      <if test="deliveryNumber != null" >
        #{deliveryNumber,jdbcType=VARCHAR},
      </if>
      <if test="senderName != null" >
        #{senderName,jdbcType=VARCHAR},
      </if>
      <if test="senderPhone != null" >
        #{senderPhone,jdbcType=VARCHAR},
      </if>
      <if test="senderAddr != null" >
        #{senderAddr,jdbcType=VARCHAR},
      </if>
      <if test="merchantId != null" >
        #{merchantId,jdbcType=INTEGER},
      </if>
    </trim>
  </insert>
  <select id="countByExample" parameterType="com.qunar.study.entity.ExpressExample" resultType="java.lang.Integer" >
    <!--
      WARNING - @mbggenerated
      This element is automatically generated by MyBatis Generator, do not modify.
      This element was generated on Sat Jul 26 01:33:48 CST 2014.
    -->
    select count(*) from public.express
    <if test="_parameter != null" >
      <include refid="Example_Where_Clause" />
    </if>
  </select>
  <update id="updateByExampleSelective" parameterType="map" >
    <!--
      WARNING - @mbggenerated
      This element is automatically generated by MyBatis Generator, do not modify.
      This element was generated on Sat Jul 26 01:33:48 CST 2014.
    -->
    update public.express
    <set >
      <if test="record.id != null" >
        id = #{record.id,jdbcType=INTEGER},
      </if>
      <if test="record.deliveryNumber != null" >
        delivery_number = #{record.deliveryNumber,jdbcType=VARCHAR},
      </if>
      <if test="record.senderName != null" >
        sender_name = #{record.senderName,jdbcType=VARCHAR},
      </if>
      <if test="record.senderPhone != null" >
        sender_phone = #{record.senderPhone,jdbcType=VARCHAR},
      </if>
      <if test="record.senderAddr != null" >
        sender_addr = #{record.senderAddr,jdbcType=VARCHAR},
      </if>
      <if test="record.merchantId != null" >
        merchant_id = #{record.merchantId,jdbcType=INTEGER},
      </if>
    </set>
    <if test="_parameter != null" >
      <include refid="Update_By_Example_Where_Clause" />
    </if>
  </update>
  <update id="updateByExample" parameterType="map" >
    <!--
      WARNING - @mbggenerated
      This element is automatically generated by MyBatis Generator, do not modify.
      This element was generated on Sat Jul 26 01:33:48 CST 2014.
    -->
    update public.express
    set id = #{record.id,jdbcType=INTEGER},
      delivery_number = #{record.deliveryNumber,jdbcType=VARCHAR},
      sender_name = #{record.senderName,jdbcType=VARCHAR},
      sender_phone = #{record.senderPhone,jdbcType=VARCHAR},
      sender_addr = #{record.senderAddr,jdbcType=VARCHAR},
      merchant_id = #{record.merchantId,jdbcType=INTEGER}
    <if test="_parameter != null" >
      <include refid="Update_By_Example_Where_Clause" />
    </if>
  </update>
  <update id="updateByPrimaryKeySelective" parameterType="com.qunar.study.entity.Express" >
    <!--
      WARNING - @mbggenerated
      This element is automatically generated by MyBatis Generator, do not modify.
      This element was generated on Sat Jul 26 01:33:48 CST 2014.
    -->
    update public.express
    <set >
      <if test="deliveryNumber != null" >
        delivery_number = #{deliveryNumber,jdbcType=VARCHAR},
      </if>
      <if test="senderName != null" >
        sender_name = #{senderName,jdbcType=VARCHAR},
      </if>
      <if test="senderPhone != null" >
        sender_phone = #{senderPhone,jdbcType=VARCHAR},
      </if>
      <if test="senderAddr != null" >
        sender_addr = #{senderAddr,jdbcType=VARCHAR},
      </if>
      <if test="merchantId != null" >
        merchant_id = #{merchantId,jdbcType=INTEGER},
      </if>
    </set>
    where id = #{id,jdbcType=INTEGER}
  </update>
  <update id="updateByPrimaryKey" parameterType="com.qunar.study.entity.Express" >
    <!--
      WARNING - @mbggenerated
      This element is automatically generated by MyBatis Generator, do not modify.
      This element was generated on Sat Jul 26 01:33:48 CST 2014.
    -->
    update public.express
    set delivery_number = #{deliveryNumber,jdbcType=VARCHAR},
      sender_name = #{senderName,jdbcType=VARCHAR},
      sender_phone = #{senderPhone,jdbcType=VARCHAR},
      sender_addr = #{senderAddr,jdbcType=VARCHAR},
      merchant_id = #{merchantId,jdbcType=INTEGER}
    where id = #{id,jdbcType=INTEGER}
  </update>
</mapper>