<?xml version="1.0" encoding="UTF-8" ?>
<!DOCTYPE mapper PUBLIC "-//mybatis.org//DTD Mapper 3.0//EN" "http://mybatis.org/dtd/mybatis-3-mapper.dtd" >
<mapper namespace="com.qunar.study.mapper.MerchantMapper" >
  <resultMap id="BaseResultMap" type="com.qunar.study.entity.Merchant" >
    <!--
      WARNING - @mbggenerated
      This element is automatically generated by MyBatis Generator, do not modify.
      This element was generated on Sat Jul 26 01:33:48 CST 2014.
    -->
    <id column="id" property="id" jdbcType="INTEGER" />
    <result column="merchant_name" property="merchantName" jdbcType="VARCHAR" />
    <result column="alias_name" property="aliasName" jdbcType="VARCHAR" />
    <result column="merchant_type" property="merchantType" jdbcType="INTEGER" />
    <result column="is_core_sight" property="isCoreSight" jdbcType="BIT" />
    <result column="area" property="area" jdbcType="VARCHAR" />
    <result column="province" property="province" jdbcType="VARCHAR" />
    <result column="city" property="city" jdbcType="VARCHAR" />
    <result column="user_id" property="userId" jdbcType="VARCHAR" />
    <result column="status" property="status" jdbcType="INTEGER" />
    <result column="tag" property="tag" jdbcType="INTEGER" />
    <result column="reason" property="reason" jdbcType="VARCHAR" />
    <result column="last_update_time" property="lastUpdateTime" jdbcType="TIMESTAMP" />
    <result column="star" property="star" jdbcType="CHAR" />
    <result column="qunar_cover" property="qunarCover" jdbcType="INTEGER" />
    <result column="contract_type" property="contractType" jdbcType="INTEGER" />
    <result column="sight_id" property="sightId" jdbcType="INTEGER" />
    <result column="others_cover" property="othersCover" jdbcType="VARCHAR" />
  </resultMap>
  <sql id="Example_Where_Clause" >
    <!--
      WARNING - @mbggenerated
      This element is automatically generated by MyBatis Generator, do not modify.
      This element was generated on Sat Jul 26 01:33:48 CST 2014.
    -->
    <where >
      <foreach collection="oredCriteria" item="criteria" separator="or" >
        <if test="criteria.valid" >
          <trim prefix="(" suffix=")" prefixOverrides="and" >
            <foreach collection="criteria.criteria" item="criterion" >
              <choose >
                <when test="criterion.noValue" >
                  and ${criterion.condition}
                </when>
                <when test="criterion.singleValue" >
                  and ${criterion.condition} #{criterion.value}
                </when>
                <when test="criterion.betweenValue" >
                  and ${criterion.condition} #{criterion.value} and #{criterion.secondValue}
                </when>
                <when test="criterion.listValue" >
                  and ${criterion.condition}
                  <foreach collection="criterion.value" item="listItem" open="(" close=")" separator="," >
                    #{listItem}
                  </foreach>
                </when>
              </choose>
            </foreach>
          </trim>
        </if>
      </foreach>
    </where>
  </sql>
  <sql id="Update_By_Example_Where_Clause" >
    <!--
      WARNING - @mbggenerated
      This element is automatically generated by MyBatis Generator, do not modify.
      This element was generated on Sat Jul 26 01:33:48 CST 2014.
    -->
    <where >
      <foreach collection="example.oredCriteria" item="criteria" separator="or" >
        <if test="criteria.valid" >
          <trim prefix="(" suffix=")" prefixOverrides="and" >
            <foreach collection="criteria.criteria" item="criterion" >
              <choose >
                <when test="criterion.noValue" >
                  and ${criterion.condition}
                </when>
                <when test="criterion.singleValue" >
                  and ${criterion.condition} #{criterion.value}
                </when>
                <when test="criterion.betweenValue" >
                  and ${criterion.condition} #{criterion.value} and #{criterion.secondValue}
                </when>
                <when test="criterion.listValue" >
                  and ${criterion.condition}
                  <foreach collection="criterion.value" item="listItem" open="(" close=")" separator="," >
                    #{listItem}
                  </foreach>
                </when>
              </choose>
            </foreach>
          </trim>
        </if>
      </foreach>
    </where>
  </sql>
  <sql id="Base_Column_List" >
    <!--
      WARNING - @mbggenerated
      This element is automatically generated by MyBatis Generator, do not modify.
      This element was generated on Sat Jul 26 01:33:48 CST 2014.
    -->
    id, merchant_name, alias_name, merchant_type, is_core_sight, area, province, city, 
    user_id, status, tag, reason, last_update_time, star, qunar_cover, contract_type, 
    sight_id, others_cover
  </sql>
  <select id="selectByExample" resultMap="BaseResultMap" parameterType="com.qunar.study.entity.MerchantExample" >
    <!--
      WARNING - @mbggenerated
      This element is automatically generated by MyBatis Generator, do not modify.
      This element was generated on Sat Jul 26 01:33:48 CST 2014.
    -->
    select
    <if test="distinct" >
      distinct
    </if>
    <include refid="Base_Column_List" />
    from public.merchant
    <if test="_parameter != null" >
      <include refid="Example_Where_Clause" />
    </if>
    <if test="orderByClause != null" >
      order by ${orderByClause}
    </if>
  </select>
  <select id="selectByPrimaryKey" resultMap="BaseResultMap" parameterType="java.lang.Integer" >
    <!--
      WARNING - @mbggenerated
      This element is automatically generated by MyBatis Generator, do not modify.
      This element was generated on Sat Jul 26 01:33:48 CST 2014.
    -->
    select 
    <include refid="Base_Column_List" />
    from public.merchant
    where id = #{id,jdbcType=INTEGER}
  </select>
  <delete id="deleteByPrimaryKey" parameterType="java.lang.Integer" >
    <!--
      WARNING - @mbggenerated
      This element is automatically generated by MyBatis Generator, do not modify.
      This element was generated on Sat Jul 26 01:33:48 CST 2014.
    -->
    delete from public.merchant
    where id = #{id,jdbcType=INTEGER}
  </delete>
  <delete id="deleteByExample" parameterType="com.qunar.study.entity.MerchantExample" >
    <!--
      WARNING - @mbggenerated
      This element is automatically generated by MyBatis Generator, do not modify.
      This element was generated on Sat Jul 26 01:33:48 CST 2014.
    -->
    delete from public.merchant
    <if test="_parameter != null" >
      <include refid="Example_Where_Clause" />
    </if>
  </delete>
  <insert id="insert" parameterType="com.qunar.study.entity.Merchant" >
    <!--
      WARNING - @mbggenerated
      This element is automatically generated by MyBatis Generator, do not modify.
      This element was generated on Sat Jul 26 01:33:48 CST 2014.
    -->
    insert into public.merchant (id, merchant_name, alias_name, 
      merchant_type, is_core_sight, area, 
      province, city, user_id, 
      status, tag, reason, 
      last_update_time, star, qunar_cover, 
      contract_type, sight_id, others_cover
      )
    values (#{id,jdbcType=INTEGER}, #{merchantName,jdbcType=VARCHAR}, #{aliasName,jdbcType=VARCHAR}, 
      #{merchantType,jdbcType=INTEGER}, #{isCoreSight,jdbcType=BIT}, #{area,jdbcType=VARCHAR}, 
      #{province,jdbcType=VARCHAR}, #{city,jdbcType=VARCHAR}, #{userId,jdbcType=VARCHAR}, 
      #{status,jdbcType=INTEGER}, #{tag,jdbcType=INTEGER}, #{reason,jdbcType=VARCHAR}, 
      #{lastUpdateTime,jdbcType=TIMESTAMP}, #{star,jdbcType=CHAR}, #{qunarCover,jdbcType=INTEGER}, 
      #{contractType,jdbcType=INTEGER}, #{sightId,jdbcType=INTEGER}, #{othersCover,jdbcType=VARCHAR}
      )
  </insert>
  <insert id="insertSelective" parameterType="com.qunar.study.entity.Merchant" >
    <!--
      WARNING - @mbggenerated
      This element is automatically generated by MyBatis Generator, do not modify.
      This element was generated on Sat Jul 26 01:33:48 CST 2014.
    -->
    insert into public.merchant
    <trim prefix="(" suffix=")" suffixOverrides="," >
      <if test="id != null" >
        id,
      </if>
      <if test="merchantName != null" >
        merchant_name,
      </if>
      <if test="aliasName != null" >
        alias_name,
      </if>
      <if test="merchantType != null" >
        merchant_type,
      </if>
      <if test="isCoreSight != null" >
        is_core_sight,
      </if>
      <if test="area != null" >
        area,
      </if>
      <if test="province != null" >
        province,
      </if>
      <if test="city != null" >
        city,
      </if>
      <if test="userId != null" >
        user_id,
      </if>
      <if test="status != null" >
        status,
      </if>
      <if test="tag != null" >
        tag,
      </if>
      <if test="reason != null" >
        reason,
      </if>
      <if test="lastUpdateTime != null" >
        last_update_time,
      </if>
      <if test="star != null" >
        star,
      </if>
      <if test="qunarCover != null" >
        qunar_cover,
      </if>
      <if test="contractType != null" >
        contract_type,
      </if>
      <if test="sightId != null" >
        sight_id,
      </if>
      <if test="othersCover != null" >
        others_cover,
      </if>
    </trim>
    <trim prefix="values (" suffix=")" suffixOverrides="," >
      <if test="id != null" >
        #{id,jdbcType=INTEGER},
      </if>
      <if test="merchantName != null" >
        #{merchantName,jdbcType=VARCHAR},
      </if>
      <if test="aliasName != null" >
        #{aliasName,jdbcType=VARCHAR},
      </if>
      <if test="merchantType != null" >
        #{merchantType,jdbcType=INTEGER},
      </if>
      <if test="isCoreSight != null" >
        #{isCoreSight,jdbcType=BIT},
      </if>
      <if test="area != null" >
        #{area,jdbcType=VARCHAR},
      </if>
      <if test="province != null" >
        #{province,jdbcType=VARCHAR},
      </if>
      <if test="city != null" >
        #{city,jdbcType=VARCHAR},
      </if>
      <if test="userId != null" >
        #{userId,jdbcType=VARCHAR},
      </if>
      <if test="status != null" >
        #{status,jdbcType=INTEGER},
      </if>
      <if test="tag != null" >
        #{tag,jdbcType=INTEGER},
      </if>
      <if test="reason != null" >
        #{reason,jdbcType=VARCHAR},
      </if>
      <if test="lastUpdateTime != null" >
        #{lastUpdateTime,jdbcType=TIMESTAMP},
      </if>
      <if test="star != null" >
        #{star,jdbcType=CHAR},
      </if>
      <if test="qunarCover != null" >
        #{qunarCover,jdbcType=INTEGER},
      </if>
      <if test="contractType != null" >
        #{contractType,jdbcType=INTEGER},
      </if>
      <if test="sightId != null" >
        #{sightId,jdbcType=INTEGER},
      </if>
      <if test="othersCover != null" >
        #{othersCover,jdbcType=VARCHAR},
      </if>
    </trim>
  </insert>
  <select id="countByExample" parameterType="com.qunar.study.entity.MerchantExample" resultType="java.lang.Integer" >
    <!--
      WARNING - @mbggenerated
      This element is automatically generated by MyBatis Generator, do not modify.
      This element was generated on Sat Jul 26 01:33:48 CST 2014.
    -->
    select count(*) from public.merchant
    <if test="_parameter != null" >
      <include refid="Example_Where_Clause" />
    </if>
  </select>
  <update id="updateByExampleSelective" parameterType="map" >
    <!--
      WARNING - @mbggenerated
      This element is automatically generated by MyBatis Generator, do not modify.
      This element was generated on Sat Jul 26 01:33:48 CST 2014.
    -->
    update public.merchant
    <set >
      <if test="record.id != null" >
        id = #{record.id,jdbcType=INTEGER},
      </if>
      <if test="record.merchantName != null" >
        merchant_name = #{record.merchantName,jdbcType=VARCHAR},
      </if>
      <if test="record.aliasName != null" >
        alias_name = #{record.aliasName,jdbcType=VARCHAR},
      </if>
      <if test="record.merchantType != null" >
        merchant_type = #{record.merchantType,jdbcType=INTEGER},
      </if>
      <if test="record.isCoreSight != null" >
        is_core_sight = #{record.isCoreSight,jdbcType=BIT},
      </if>
      <if test="record.area != null" >
        area = #{record.area,jdbcType=VARCHAR},
      </if>
      <if test="record.province != null" >
        province = #{record.province,jdbcType=VARCHAR},
      </if>
      <if test="record.city != null" >
        city = #{record.city,jdbcType=VARCHAR},
      </if>
      <if test="record.userId != null" >
        user_id = #{record.userId,jdbcType=VARCHAR},
      </if>
      <if test="record.status != null" >
        status = #{record.status,jdbcType=INTEGER},
      </if>
      <if test="record.tag != null" >
        tag = #{record.tag,jdbcType=INTEGER},
      </if>
      <if test="record.reason != null" >
        reason = #{record.reason,jdbcType=VARCHAR},
      </if>
      <if test="record.lastUpdateTime != null" >
        last_update_time = #{record.lastUpdateTime,jdbcType=TIMESTAMP},
      </if>
      <if test="record.star != null" >
        star = #{record.star,jdbcType=CHAR},
      </if>
      <if test="record.qunarCover != null" >
        qunar_cover = #{record.qunarCover,jdbcType=INTEGER},
      </if>
      <if test="record.contractType != null" >
        contract_type = #{record.contractType,jdbcType=INTEGER},
      </if>
      <if test="record.sightId != null" >
        sight_id = #{record.sightId,jdbcType=INTEGER},
      </if>
      <if test="record.othersCover != null" >
        others_cover = #{record.othersCover,jdbcType=VARCHAR},
      </if>
    </set>
    <if test="_parameter != null" >
      <include refid="Update_By_Example_Where_Clause" />
    </if>
  </update>
  <update id="updateByExample" parameterType="map" >
    <!--
      WARNING - @mbggenerated
      This element is automatically generated by MyBatis Generator, do not modify.
      This element was generated on Sat Jul 26 01:33:48 CST 2014.
    -->
    update public.merchant
    set id = #{record.id,jdbcType=INTEGER},
      merchant_name = #{record.merchantName,jdbcType=VARCHAR},
      alias_name = #{record.aliasName,jdbcType=VARCHAR},
      merchant_type = #{record.merchantType,jdbcType=INTEGER},
      is_core_sight = #{record.isCoreSight,jdbcType=BIT},
      area = #{record.area,jdbcType=VARCHAR},
      province = #{record.province,jdbcType=VARCHAR},
      city = #{record.city,jdbcType=VARCHAR},
      user_id = #{record.userId,jdbcType=VARCHAR},
      status = #{record.status,jdbcType=INTEGER},
      tag = #{record.tag,jdbcType=INTEGER},
      reason = #{record.reason,jdbcType=VARCHAR},
      last_update_time = #{record.lastUpdateTime,jdbcType=TIMESTAMP},
      star = #{record.star,jdbcType=CHAR},
      qunar_cover = #{record.qunarCover,jdbcType=INTEGER},
      contract_type = #{record.contractType,jdbcType=INTEGER},
      sight_id = #{record.sightId,jdbcType=INTEGER},
      others_cover = #{record.othersCover,jdbcType=VARCHAR}
    <if test="_parameter != null" >
      <include refid="Update_By_Example_Where_Clause" />
    </if>
  </update>
  <update id="updateByPrimaryKeySelective" parameterType="com.qunar.study.entity.Merchant" >
    <!--
      WARNING - @mbggenerated
      This element is automatically generated by MyBatis Generator, do not modify.
      This element was generated on Sat Jul 26 01:33:48 CST 2014.
    -->
    update public.merchant
    <set >
      <if test="merchantName != null" >
        merchant_name = #{merchantName,jdbcType=VARCHAR},
      </if>
      <if test="aliasName != null" >
        alias_name = #{aliasName,jdbcType=VARCHAR},
      </if>
      <if test="merchantType != null" >
        merchant_type = #{merchantType,jdbcType=INTEGER},
      </if>
      <if test="isCoreSight != null" >
        is_core_sight = #{isCoreSight,jdbcType=BIT},
      </if>
      <if test="area != null" >
        area = #{area,jdbcType=VARCHAR},
      </if>
      <if test="province != null" >
        province = #{province,jdbcType=VARCHAR},
      </if>
      <if test="city != null" >
        city = #{city,jdbcType=VARCHAR},
      </if>
      <if test="userId != null" >
        user_id = #{userId,jdbcType=VARCHAR},
      </if>
      <if test="status != null" >
        status = #{status,jdbcType=INTEGER},
      </if>
      <if test="tag != null" >
        tag = #{tag,jdbcType=INTEGER},
      </if>
      <if test="reason != null" >
        reason = #{reason,jdbcType=VARCHAR},
      </if>
      <if test="lastUpdateTime != null" >
        last_update_time = #{lastUpdateTime,jdbcType=TIMESTAMP},
      </if>
      <if test="star != null" >
        star = #{star,jdbcType=CHAR},
      </if>
      <if test="qunarCover != null" >
        qunar_cover = #{qunarCover,jdbcType=INTEGER},
      </if>
      <if test="contractType != null" >
        contract_type = #{contractType,jdbcType=INTEGER},
      </if>
      <if test="sightId != null" >
        sight_id = #{sightId,jdbcType=INTEGER},
      </if>
      <if test="othersCover != null" >
        others_cover = #{othersCover,jdbcType=VARCHAR},
      </if>
    </set>
    where id = #{id,jdbcType=INTEGER}
  </update>
  <update id="updateByPrimaryKey" parameterType="com.qunar.study.entity.Merchant" >
    <!--
      WARNING - @mbggenerated
      This element is automatically generated by MyBatis Generator, do not modify.
      This element was generated on Sat Jul 26 01:33:48 CST 2014.
    -->
    update public.merchant
    set merchant_name = #{merchantName,jdbcType=VARCHAR},
      alias_name = #{aliasName,jdbcType=VARCHAR},
      merchant_type = #{merchantType,jdbcType=INTEGER},
      is_core_sight = #{isCoreSight,jdbcType=BIT},
      area = #{area,jdbcType=VARCHAR},
      province = #{province,jdbcType=VARCHAR},
      city = #{city,jdbcType=VARCHAR},
      user_id = #{userId,jdbcType=VARCHAR},
      status = #{status,jdbcType=INTEGER},
      tag = #{tag,jdbcType=INTEGER},
      reason = #{reason,jdbcType=VARCHAR},
      last_update_time = #{lastUpdateTime,jdbcType=TIMESTAMP},
      star = #{star,jdbcType=CHAR},
      qunar_cover = #{qunarCover,jdbcType=INTEGER},
      contract_type = #{contractType,jdbcType=INTEGER},
      sight_id = #{sightId,jdbcType=INTEGER},
      others_cover = #{othersCover,jdbcType=VARCHAR}
    where id = #{id,jdbcType=INTEGER}
  </update>
</mapper>