<?xml version="1.0" encoding="UTF-8" ?>
<!DOCTYPE mapper PUBLIC "-//mybatis.org//DTD Mapper 3.0//EN" "http://mybatis.org/dtd/mybatis-3-mapper.dtd" >
<mapper namespace="com.qunar.study.mapper.NoticeMapper" >
  <resultMap id="BaseResultMap" type="com.qunar.study.entity.Notice" >
    <!--
      WARNING - @mbggenerated
      This element is automatically generated by MyBatis Generator, do not modify.
      This element was generated on Sat Jul 26 01:33:48 CST 2014.
    -->
    <id column="id" property="id" jdbcType="INTEGER" />
    <result column="from_person_id" property="fromPersonId" jdbcType="INTEGER" />
    <result column="to_person_id" property="toPersonId" jdbcType="INTEGER" />
    <result column="merchant_id" property="merchantId" jdbcType="INTEGER" />
    <result column="merchant_name" property="merchantName" jdbcType="VARCHAR" />
    <result column="content" property="content" jdbcType="VARCHAR" />
    <result column="status" property="status" jdbcType="INTEGER" />
    <result column="is_deal" property="isDeal" jdbcType="BIT" />
    <result column="create_time" property="createTime" jdbcType="TIMESTAMP" />
    <result column="notice_time" property="noticeTime" jdbcType="TIMESTAMP" />
  </resultMap>
  <sql id="Example_Where_Clause" >
    <!--
      WARNING - @mbggenerated
      This element is automatically generated by MyBatis Generator, do not modify.
      This element was generated on Sat Jul 26 01:33:48 CST 2014.
    -->
    <where >
      <foreach collection="oredCriteria" item="criteria" separator="or" >
        <if test="criteria.valid" >
          <trim prefix="(" suffix=")" prefixOverrides="and" >
            <foreach collection="criteria.criteria" item="criterion" >
              <choose >
                <when test="criterion.noValue" >
                  and ${criterion.condition}
                </when>
                <when test="criterion.singleValue" >
                  and ${criterion.condition} #{criterion.value}
                </when>
                <when test="criterion.betweenValue" >
                  and ${criterion.condition} #{criterion.value} and #{criterion.secondValue}
                </when>
                <when test="criterion.listValue" >
                  and ${criterion.condition}
                  <foreach collection="criterion.value" item="listItem" open="(" close=")" separator="," >
                    #{listItem}
                  </foreach>
                </when>
              </choose>
            </foreach>
          </trim>
        </if>
      </foreach>
    </where>
  </sql>
  <sql id="Update_By_Example_Where_Clause" >
    <!--
      WARNING - @mbggenerated
      This element is automatically generated by MyBatis Generator, do not modify.
      This element was generated on Sat Jul 26 01:33:48 CST 2014.
    -->
    <where >
      <foreach collection="example.oredCriteria" item="criteria" separator="or" >
        <if test="criteria.valid" >
          <trim prefix="(" suffix=")" prefixOverrides="and" >
            <foreach collection="criteria.criteria" item="criterion" >
              <choose >
                <when test="criterion.noValue" >
                  and ${criterion.condition}
                </when>
                <when test="criterion.singleValue" >
                  and ${criterion.condition} #{criterion.value}
                </when>
                <when test="criterion.betweenValue" >
                  and ${criterion.condition} #{criterion.value} and #{criterion.secondValue}
                </when>
                <when test="criterion.listValue" >
                  and ${criterion.condition}
                  <foreach collection="criterion.value" item="listItem" open="(" close=")" separator="," >
                    #{listItem}
                  </foreach>
                </when>
              </choose>
            </foreach>
          </trim>
        </if>
      </foreach>
    </where>
  </sql>
  <sql id="Base_Column_List" >
    <!--
      WARNING - @mbggenerated
      This element is automatically generated by MyBatis Generator, do not modify.
      This element was generated on Sat Jul 26 01:33:48 CST 2014.
    -->
    id, from_person_id, to_person_id, merchant_id, merchant_name, content, status, is_deal, 
    create_time, notice_time
  </sql>
  <select id="selectByExample" resultMap="BaseResultMap" parameterType="com.qunar.study.entity.NoticeExample" >
    <!--
      WARNING - @mbggenerated
      This element is automatically generated by MyBatis Generator, do not modify.
      This element was generated on Sat Jul 26 01:33:48 CST 2014.
    -->
    select
    <if test="distinct" >
      distinct
    </if>
    <include refid="Base_Column_List" />
    from public.notice
    <if test="_parameter != null" >
      <include refid="Example_Where_Clause" />
    </if>
    <if test="orderByClause != null" >
      order by ${orderByClause}
    </if>
  </select>
  <select id="selectByPrimaryKey" resultMap="BaseResultMap" parameterType="java.lang.Integer" >
    <!--
      WARNING - @mbggenerated
      This element is automatically generated by MyBatis Generator, do not modify.
      This element was generated on Sat Jul 26 01:33:48 CST 2014.
    -->
    select 
    <include refid="Base_Column_List" />
    from public.notice
    where id = #{id,jdbcType=INTEGER}
  </select>
  <delete id="deleteByPrimaryKey" parameterType="java.lang.Integer" >
    <!--
      WARNING - @mbggenerated
      This element is automatically generated by MyBatis Generator, do not modify.
      This element was generated on Sat Jul 26 01:33:48 CST 2014.
    -->
    delete from public.notice
    where id = #{id,jdbcType=INTEGER}
  </delete>
  <delete id="deleteByExample" parameterType="com.qunar.study.entity.NoticeExample" >
    <!--
      WARNING - @mbggenerated
      This element is automatically generated by MyBatis Generator, do not modify.
      This element was generated on Sat Jul 26 01:33:48 CST 2014.
    -->
    delete from public.notice
    <if test="_parameter != null" >
      <include refid="Example_Where_Clause" />
    </if>
  </delete>
  <insert id="insert" parameterType="com.qunar.study.entity.Notice" >
    <!--
      WARNING - @mbggenerated
      This element is automatically generated by MyBatis Generator, do not modify.
      This element was generated on Sat Jul 26 01:33:48 CST 2014.
    -->
    insert into public.notice (id, from_person_id, to_person_id, 
      merchant_id, merchant_name, content, 
      status, is_deal, create_time, 
      notice_time)
    values (#{id,jdbcType=INTEGER}, #{fromPersonId,jdbcType=INTEGER}, #{toPersonId,jdbcType=INTEGER}, 
      #{merchantId,jdbcType=INTEGER}, #{merchantName,jdbcType=VARCHAR}, #{content,jdbcType=VARCHAR}, 
      #{status,jdbcType=INTEGER}, #{isDeal,jdbcType=BIT}, #{createTime,jdbcType=TIMESTAMP}, 
      #{noticeTime,jdbcType=TIMESTAMP})
  </insert>
  <insert id="insertSelective" parameterType="com.qunar.study.entity.Notice" >
    <!--
      WARNING - @mbggenerated
      This element is automatically generated by MyBatis Generator, do not modify.
      This element was generated on Sat Jul 26 01:33:48 CST 2014.
    -->
    insert into public.notice
    <trim prefix="(" suffix=")" suffixOverrides="," >
      <if test="id != null" >
        id,
      </if>
      <if test="fromPersonId != null" >
        from_person_id,
      </if>
      <if test="toPersonId != null" >
        to_person_id,
      </if>
      <if test="merchantId != null" >
        merchant_id,
      </if>
      <if test="merchantName != null" >
        merchant_name,
      </if>
      <if test="content != null" >
        content,
      </if>
      <if test="status != null" >
        status,
      </if>
      <if test="isDeal != null" >
        is_deal,
      </if>
      <if test="createTime != null" >
        create_time,
      </if>
      <if test="noticeTime != null" >
        notice_time,
      </if>
    </trim>
    <trim prefix="values (" suffix=")" suffixOverrides="," >
      <if test="id != null" >
        #{id,jdbcType=INTEGER},
      </if>
      <if test="fromPersonId != null" >
        #{fromPersonId,jdbcType=INTEGER},
      </if>
      <if test="toPersonId != null" >
        #{toPersonId,jdbcType=INTEGER},
      </if>
      <if test="merchantId != null" >
        #{merchantId,jdbcType=INTEGER},
      </if>
      <if test="merchantName != null" >
        #{merchantName,jdbcType=VARCHAR},
      </if>
      <if test="content != null" >
        #{content,jdbcType=VARCHAR},
      </if>
      <if test="status != null" >
        #{status,jdbcType=INTEGER},
      </if>
      <if test="isDeal != null" >
        #{isDeal,jdbcType=BIT},
      </if>
      <if test="createTime != null" >
        #{createTime,jdbcType=TIMESTAMP},
      </if>
      <if test="noticeTime != null" >
        #{noticeTime,jdbcType=TIMESTAMP},
      </if>
    </trim>
  </insert>
  <select id="countByExample" parameterType="com.qunar.study.entity.NoticeExample" resultType="java.lang.Integer" >
    <!--
      WARNING - @mbggenerated
      This element is automatically generated by MyBatis Generator, do not modify.
      This element was generated on Sat Jul 26 01:33:48 CST 2014.
    -->
    select count(*) from public.notice
    <if test="_parameter != null" >
      <include refid="Example_Where_Clause" />
    </if>
  </select>
  <update id="updateByExampleSelective" parameterType="map" >
    <!--
      WARNING - @mbggenerated
      This element is automatically generated by MyBatis Generator, do not modify.
      This element was generated on Sat Jul 26 01:33:48 CST 2014.
    -->
    update public.notice
    <set >
      <if test="record.id != null" >
        id = #{record.id,jdbcType=INTEGER},
      </if>
      <if test="record.fromPersonId != null" >
        from_person_id = #{record.fromPersonId,jdbcType=INTEGER},
      </if>
      <if test="record.toPersonId != null" >
        to_person_id = #{record.toPersonId,jdbcType=INTEGER},
      </if>
      <if test="record.merchantId != null" >
        merchant_id = #{record.merchantId,jdbcType=INTEGER},
      </if>
      <if test="record.merchantName != null" >
        merchant_name = #{record.merchantName,jdbcType=VARCHAR},
      </if>
      <if test="record.content != null" >
        content = #{record.content,jdbcType=VARCHAR},
      </if>
      <if test="record.status != null" >
        status = #{record.status,jdbcType=INTEGER},
      </if>
      <if test="record.isDeal != null" >
        is_deal = #{record.isDeal,jdbcType=BIT},
      </if>
      <if test="record.createTime != null" >
        create_time = #{record.createTime,jdbcType=TIMESTAMP},
      </if>
      <if test="record.noticeTime != null" >
        notice_time = #{record.noticeTime,jdbcType=TIMESTAMP},
      </if>
    </set>
    <if test="_parameter != null" >
      <include refid="Update_By_Example_Where_Clause" />
    </if>
  </update>
  <update id="updateByExample" parameterType="map" >
    <!--
      WARNING - @mbggenerated
      This element is automatically generated by MyBatis Generator, do not modify.
      This element was generated on Sat Jul 26 01:33:48 CST 2014.
    -->
    update public.notice
    set id = #{record.id,jdbcType=INTEGER},
      from_person_id = #{record.fromPersonId,jdbcType=INTEGER},
      to_person_id = #{record.toPersonId,jdbcType=INTEGER},
      merchant_id = #{record.merchantId,jdbcType=INTEGER},
      merchant_name = #{record.merchantName,jdbcType=VARCHAR},
      content = #{record.content,jdbcType=VARCHAR},
      status = #{record.status,jdbcType=INTEGER},
      is_deal = #{record.isDeal,jdbcType=BIT},
      create_time = #{record.createTime,jdbcType=TIMESTAMP},
      notice_time = #{record.noticeTime,jdbcType=TIMESTAMP}
    <if test="_parameter != null" >
      <include refid="Update_By_Example_Where_Clause" />
    </if>
  </update>
  <update id="updateByPrimaryKeySelective" parameterType="com.qunar.study.entity.Notice" >
    <!--
      WARNING - @mbggenerated
      This element is automatically generated by MyBatis Generator, do not modify.
      This element was generated on Sat Jul 26 01:33:48 CST 2014.
    -->
    update public.notice
    <set >
      <if test="fromPersonId != null" >
        from_person_id = #{fromPersonId,jdbcType=INTEGER},
      </if>
      <if test="toPersonId != null" >
        to_person_id = #{toPersonId,jdbcType=INTEGER},
      </if>
      <if test="merchantId != null" >
        merchant_id = #{merchantId,jdbcType=INTEGER},
      </if>
      <if test="merchantName != null" >
        merchant_name = #{merchantName,jdbcType=VARCHAR},
      </if>
      <if test="content != null" >
        content = #{content,jdbcType=VARCHAR},
      </if>
      <if test="status != null" >
        status = #{status,jdbcType=INTEGER},
      </if>
      <if test="isDeal != null" >
        is_deal = #{isDeal,jdbcType=BIT},
      </if>
      <if test="createTime != null" >
        create_time = #{createTime,jdbcType=TIMESTAMP},
      </if>
      <if test="noticeTime != null" >
        notice_time = #{noticeTime,jdbcType=TIMESTAMP},
      </if>
    </set>
    where id = #{id,jdbcType=INTEGER}
  </update>
  <update id="updateByPrimaryKey" parameterType="com.qunar.study.entity.Notice" >
    <!--
      WARNING - @mbggenerated
      This element is automatically generated by MyBatis Generator, do not modify.
      This element was generated on Sat Jul 26 01:33:48 CST 2014.
    -->
    update public.notice
    set from_person_id = #{fromPersonId,jdbcType=INTEGER},
      to_person_id = #{toPersonId,jdbcType=INTEGER},
      merchant_id = #{merchantId,jdbcType=INTEGER},
      merchant_name = #{merchantName,jdbcType=VARCHAR},
      content = #{content,jdbcType=VARCHAR},
      status = #{status,jdbcType=INTEGER},
      is_deal = #{isDeal,jdbcType=BIT},
      create_time = #{createTime,jdbcType=TIMESTAMP},
      notice_time = #{noticeTime,jdbcType=TIMESTAMP}
    where id = #{id,jdbcType=INTEGER}
  </update>
</mapper>