<?xml version="1.0" encoding="UTF-8" ?>
<!DOCTYPE mapper PUBLIC "-//mybatis.org//DTD Mapper 3.0//EN" "http://mybatis.org/dtd/mybatis-3-mapper.dtd" >
<mapper namespace="com.qunar.study.mapper.OperationMapper" >
  <resultMap id="BaseResultMap" type="com.qunar.study.entity.Operation" >
    <!--
      WARNING - @mbggenerated
      This element is automatically generated by MyBatis Generator, do not modify.
      This element was generated on Sat Jul 26 01:30:22 CST 2014.
    -->
    <id column="id" property="id" jdbcType="INTEGER" />
    <result column="user_id" property="userId" jdbcType="VARCHAR" />
    <result column="merchant_id" property="merchantId" jdbcType="INTEGER" />
    <result column="operation" property="operation" jdbcType="INTEGER" />
    <result column="status" property="status" jdbcType="INTEGER" />
    <result column="operation_time" property="operationTime" jdbcType="TIMESTAMP" />
    <result column="covered_tts" property="coveredTts" jdbcType="INTEGER" />
    <result column="content" property="content" jdbcType="VARCHAR" />
  </resultMap>
  <sql id="Example_Where_Clause" >
    <!--
      WARNING - @mbggenerated
      This element is automatically generated by MyBatis Generator, do not modify.
      This element was generated on Sat Jul 26 01:30:22 CST 2014.
    -->
    <where >
      <foreach collection="oredCriteria" item="criteria" separator="or" >
        <if test="criteria.valid" >
          <trim prefix="(" suffix=")" prefixOverrides="and" >
            <foreach collection="criteria.criteria" item="criterion" >
              <choose >
                <when test="criterion.noValue" >
                  and ${criterion.condition}
                </when>
                <when test="criterion.singleValue" >
                  and ${criterion.condition} #{criterion.value}
                </when>
                <when test="criterion.betweenValue" >
                  and ${criterion.condition} #{criterion.value} and #{criterion.secondValue}
                </when>
                <when test="criterion.listValue" >
                  and ${criterion.condition}
                  <foreach collection="criterion.value" item="listItem" open="(" close=")" separator="," >
                    #{listItem}
                  </foreach>
                </when>
              </choose>
            </foreach>
          </trim>
        </if>
      </foreach>
    </where>
  </sql>
  <sql id="Update_By_Example_Where_Clause" >
    <!--
      WARNING - @mbggenerated
      This element is automatically generated by MyBatis Generator, do not modify.
      This element was generated on Sat Jul 26 01:30:22 CST 2014.
    -->
    <where >
      <foreach collection="example.oredCriteria" item="criteria" separator="or" >
        <if test="criteria.valid" >
          <trim prefix="(" suffix=")" prefixOverrides="and" >
            <foreach collection="criteria.criteria" item="criterion" >
              <choose >
                <when test="criterion.noValue" >
                  and ${criterion.condition}
                </when>
                <when test="criterion.singleValue" >
                  and ${criterion.condition} #{criterion.value}
                </when>
                <when test="criterion.betweenValue" >
                  and ${criterion.condition} #{criterion.value} and #{criterion.secondValue}
                </when>
                <when test="criterion.listValue" >
                  and ${criterion.condition}
                  <foreach collection="criterion.value" item="listItem" open="(" close=")" separator="," >
                    #{listItem}
                  </foreach>
                </when>
              </choose>
            </foreach>
          </trim>
        </if>
      </foreach>
    </where>
  </sql>
  <sql id="Base_Column_List" >
    <!--
      WARNING - @mbggenerated
      This element is automatically generated by MyBatis Generator, do not modify.
      This element was generated on Sat Jul 26 01:30:22 CST 2014.
    -->
    id, user_id, merchant_id, operation, status, operation_time, covered_tts, content
  </sql>
  <select id="selectByExample" resultMap="BaseResultMap" parameterType="com.qunar.study.entity.OperationExample" >
    <!--
      WARNING - @mbggenerated
      This element is automatically generated by MyBatis Generator, do not modify.
      This element was generated on Sat Jul 26 01:30:22 CST 2014.
    -->
    select
    <if test="distinct" >
      distinct
    </if>
    'true' as QUERYID,
    <include refid="Base_Column_List" />
    from public.operation
    <if test="_parameter != null" >
      <include refid="Example_Where_Clause" />
    </if>
    <if test="orderByClause != null" >
      order by ${orderByClause}
    </if>
  </select>
  <select id="selectByPrimaryKey" resultMap="BaseResultMap" parameterType="java.lang.Integer" >
    <!--
      WARNING - @mbggenerated
      This element is automatically generated by MyBatis Generator, do not modify.
      This element was generated on Sat Jul 26 01:30:22 CST 2014.
    -->
    select 
    <include refid="Base_Column_List" />
    from public.operation
    where id = #{id,jdbcType=INTEGER}
  </select>
  <delete id="deleteByPrimaryKey" parameterType="java.lang.Integer" >
    <!--
      WARNING - @mbggenerated
      This element is automatically generated by MyBatis Generator, do not modify.
      This element was generated on Sat Jul 26 01:30:22 CST 2014.
    -->
    delete from public.operation
    where id = #{id,jdbcType=INTEGER}
  </delete>
  <delete id="deleteByExample" parameterType="com.qunar.study.entity.OperationExample" >
    <!--
      WARNING - @mbggenerated
      This element is automatically generated by MyBatis Generator, do not modify.
      This element was generated on Sat Jul 26 01:30:22 CST 2014.
    -->
    delete from public.operation
    <if test="_parameter != null" >
      <include refid="Example_Where_Clause" />
    </if>
  </delete>
  <insert id="insert" parameterType="com.qunar.study.entity.Operation" >
    <!--
      WARNING - @mbggenerated
      This element is automatically generated by MyBatis Generator, do not modify.
      This element was generated on Sat Jul 26 01:30:22 CST 2014.
    -->
    insert into public.operation (id, user_id, merchant_id, 
      operation, status, operation_time, 
      covered_tts, content)
    values (#{id,jdbcType=INTEGER}, #{userId,jdbcType=VARCHAR}, #{merchantId,jdbcType=INTEGER}, 
      #{operation,jdbcType=INTEGER}, #{status,jdbcType=INTEGER}, #{operationTime,jdbcType=TIMESTAMP}, 
      #{coveredTts,jdbcType=INTEGER}, #{content,jdbcType=VARCHAR})
  </insert>
  <insert id="insertSelective" parameterType="com.qunar.study.entity.Operation" >
    <!--
      WARNING - @mbggenerated
      This element is automatically generated by MyBatis Generator, do not modify.
      This element was generated on Sat Jul 26 01:30:22 CST 2014.
    -->
    insert into public.operation
    <trim prefix="(" suffix=")" suffixOverrides="," >
      <if test="id != null" >
        id,
      </if>
      <if test="userId != null" >
        user_id,
      </if>
      <if test="merchantId != null" >
        merchant_id,
      </if>
      <if test="operation != null" >
        operation,
      </if>
      <if test="status != null" >
        status,
      </if>
      <if test="operationTime != null" >
        operation_time,
      </if>
      <if test="coveredTts != null" >
        covered_tts,
      </if>
      <if test="content != null" >
        content,
      </if>
    </trim>
    <trim prefix="values (" suffix=")" suffixOverrides="," >
      <if test="id != null" >
        #{id,jdbcType=INTEGER},
      </if>
      <if test="userId != null" >
        #{userId,jdbcType=VARCHAR},
      </if>
      <if test="merchantId != null" >
        #{merchantId,jdbcType=INTEGER},
      </if>
      <if test="operation != null" >
        #{operation,jdbcType=INTEGER},
      </if>
      <if test="status != null" >
        #{status,jdbcType=INTEGER},
      </if>
      <if test="operationTime != null" >
        #{operationTime,jdbcType=TIMESTAMP},
      </if>
      <if test="coveredTts != null" >
        #{coveredTts,jdbcType=INTEGER},
      </if>
      <if test="content != null" >
        #{content,jdbcType=VARCHAR},
      </if>
    </trim>
  </insert>
  <select id="countByExample" parameterType="com.qunar.study.entity.OperationExample" resultType="java.lang.Integer" >
    <!--
      WARNING - @mbggenerated
      This element is automatically generated by MyBatis Generator, do not modify.
      This element was generated on Sat Jul 26 01:30:22 CST 2014.
    -->
    select count(*) from public.operation
    <if test="_parameter != null" >
      <include refid="Example_Where_Clause" />
    </if>
  </select>
  <update id="updateByExampleSelective" parameterType="map" >
    <!--
      WARNING - @mbggenerated
      This element is automatically generated by MyBatis Generator, do not modify.
      This element was generated on Sat Jul 26 01:30:22 CST 2014.
    -->
    update public.operation
    <set >
      <if test="record.id != null" >
        id = #{record.id,jdbcType=INTEGER},
      </if>
      <if test="record.userId != null" >
        user_id = #{record.userId,jdbcType=VARCHAR},
      </if>
      <if test="record.merchantId != null" >
        merchant_id = #{record.merchantId,jdbcType=INTEGER},
      </if>
      <if test="record.operation != null" >
        operation = #{record.operation,jdbcType=INTEGER},
      </if>
      <if test="record.status != null" >
        status = #{record.status,jdbcType=INTEGER},
      </if>
      <if test="record.operationTime != null" >
        operation_time = #{record.operationTime,jdbcType=TIMESTAMP},
      </if>
      <if test="record.coveredTts != null" >
        covered_tts = #{record.coveredTts,jdbcType=INTEGER},
      </if>
      <if test="record.content != null" >
        content = #{record.content,jdbcType=VARCHAR},
      </if>
    </set>
    <if test="_parameter != null" >
      <include refid="Update_By_Example_Where_Clause" />
    </if>
  </update>
  <update id="updateByExample" parameterType="map" >
    <!--
      WARNING - @mbggenerated
      This element is automatically generated by MyBatis Generator, do not modify.
      This element was generated on Sat Jul 26 01:30:22 CST 2014.
    -->
    update public.operation
    set id = #{record.id,jdbcType=INTEGER},
      user_id = #{record.userId,jdbcType=VARCHAR},
      merchant_id = #{record.merchantId,jdbcType=INTEGER},
      operation = #{record.operation,jdbcType=INTEGER},
      status = #{record.status,jdbcType=INTEGER},
      operation_time = #{record.operationTime,jdbcType=TIMESTAMP},
      covered_tts = #{record.coveredTts,jdbcType=INTEGER},
      content = #{record.content,jdbcType=VARCHAR}
    <if test="_parameter != null" >
      <include refid="Update_By_Example_Where_Clause" />
    </if>
  </update>
  <update id="updateByPrimaryKeySelective" parameterType="com.qunar.study.entity.Operation" >
    <!--
      WARNING - @mbggenerated
      This element is automatically generated by MyBatis Generator, do not modify.
      This element was generated on Sat Jul 26 01:30:22 CST 2014.
    -->
    update public.operation
    <set >
      <if test="userId != null" >
        user_id = #{userId,jdbcType=VARCHAR},
      </if>
      <if test="merchantId != null" >
        merchant_id = #{merchantId,jdbcType=INTEGER},
      </if>
      <if test="operation != null" >
        operation = #{operation,jdbcType=INTEGER},
      </if>
      <if test="status != null" >
        status = #{status,jdbcType=INTEGER},
      </if>
      <if test="operationTime != null" >
        operation_time = #{operationTime,jdbcType=TIMESTAMP},
      </if>
      <if test="coveredTts != null" >
        covered_tts = #{coveredTts,jdbcType=INTEGER},
      </if>
      <if test="content != null" >
        content = #{content,jdbcType=VARCHAR},
      </if>
    </set>
    where id = #{id,jdbcType=INTEGER}
  </update>
  <update id="updateByPrimaryKey" parameterType="com.qunar.study.entity.Operation" >
    <!--
      WARNING - @mbggenerated
      This element is automatically generated by MyBatis Generator, do not modify.
      This element was generated on Sat Jul 26 01:30:22 CST 2014.
    -->
    update public.operation
    set user_id = #{userId,jdbcType=VARCHAR},
      merchant_id = #{merchantId,jdbcType=INTEGER},
      operation = #{operation,jdbcType=INTEGER},
      status = #{status,jdbcType=INTEGER},
      operation_time = #{operationTime,jdbcType=TIMESTAMP},
      covered_tts = #{coveredTts,jdbcType=INTEGER},
      content = #{content,jdbcType=VARCHAR}
    where id = #{id,jdbcType=INTEGER}
  </update>
</mapper>