<?xml version="1.0" encoding="UTF-8" ?>
<!DOCTYPE mapper PUBLIC "-//mybatis.org//DTD Mapper 3.0//EN" "http://mybatis.org/dtd/mybatis-3-mapper.dtd" >
<mapper namespace="com.qunar.study.mapper.UsersMapper" >
  <resultMap id="BaseResultMap" type="com.qunar.study.entity.Users" >
    <!--
      WARNING - @mbggenerated
      This element is automatically generated by MyBatis Generator, do not modify.
      This element was generated on Sat Jul 26 01:33:48 CST 2014.
    -->
    <id column="id" property="id" jdbcType="INTEGER" />
    <result column="user_id" property="userId" jdbcType="VARCHAR" />
    <result column="user_name" property="userName" jdbcType="VARCHAR" />
    <result column="user_type" property="userType" jdbcType="INTEGER" />
    <result column="leader_id" property="leaderId" jdbcType="VARCHAR" />
  </resultMap>
  <sql id="Example_Where_Clause" >
    <!--
      WARNING - @mbggenerated
      This element is automatically generated by MyBatis Generator, do not modify.
      This element was generated on Sat Jul 26 01:33:48 CST 2014.
    -->
    <where >
      <foreach collection="oredCriteria" item="criteria" separator="or" >
        <if test="criteria.valid" >
          <trim prefix="(" suffix=")" prefixOverrides="and" >
            <foreach collection="criteria.criteria" item="criterion" >
              <choose >
                <when test="criterion.noValue" >
                  and ${criterion.condition}
                </when>
                <when test="criterion.singleValue" >
                  and ${criterion.condition} #{criterion.value}
                </when>
                <when test="criterion.betweenValue" >
                  and ${criterion.condition} #{criterion.value} and #{criterion.secondValue}
                </when>
                <when test="criterion.listValue" >
                  and ${criterion.condition}
                  <foreach collection="criterion.value" item="listItem" open="(" close=")" separator="," >
                    #{listItem}
                  </foreach>
                </when>
              </choose>
            </foreach>
          </trim>
        </if>
      </foreach>
    </where>
  </sql>
  <sql id="Update_By_Example_Where_Clause" >
    <!--
      WARNING - @mbggenerated
      This element is automatically generated by MyBatis Generator, do not modify.
      This element was generated on Sat Jul 26 01:33:48 CST 2014.
    -->
    <where >
      <foreach collection="example.oredCriteria" item="criteria" separator="or" >
        <if test="criteria.valid" >
          <trim prefix="(" suffix=")" prefixOverrides="and" >
            <foreach collection="criteria.criteria" item="criterion" >
              <choose >
                <when test="criterion.noValue" >
                  and ${criterion.condition}
                </when>
                <when test="criterion.singleValue" >
                  and ${criterion.condition} #{criterion.value}
                </when>
                <when test="criterion.betweenValue" >
                  and ${criterion.condition} #{criterion.value} and #{criterion.secondValue}
                </when>
                <when test="criterion.listValue" >
                  and ${criterion.condition}
                  <foreach collection="criterion.value" item="listItem" open="(" close=")" separator="," >
                    #{listItem}
                  </foreach>
                </when>
              </choose>
            </foreach>
          </trim>
        </if>
      </foreach>
    </where>
  </sql>
  <sql id="Base_Column_List" >
    <!--
      WARNING - @mbggenerated
      This element is automatically generated by MyBatis Generator, do not modify.
      This element was generated on Sat Jul 26 01:33:48 CST 2014.
    -->
    id, user_id, user_name, user_type, leader_id
  </sql>
  <select id="selectByExample" resultMap="BaseResultMap" parameterType="com.qunar.study.entity.UsersExample" >
    <!--
      WARNING - @mbggenerated
      This element is automatically generated by MyBatis Generator, do not modify.
      This element was generated on Sat Jul 26 01:33:48 CST 2014.
    -->
    select
    <if test="distinct" >
      distinct
    </if>
    <include refid="Base_Column_List" />
    from public.users
    <if test="_parameter != null" >
      <include refid="Example_Where_Clause" />
    </if>
    <if test="orderByClause != null" >
      order by ${orderByClause}
    </if>
  </select>
  <select id="selectByPrimaryKey" resultMap="BaseResultMap" parameterType="java.lang.Integer" >
    <!--
      WARNING - @mbggenerated
      This element is automatically generated by MyBatis Generator, do not modify.
      This element was generated on Sat Jul 26 01:33:48 CST 2014.
    -->
    select 
    <include refid="Base_Column_List" />
    from public.users
    where id = #{id,jdbcType=INTEGER}
  </select>
  <delete id="deleteByPrimaryKey" parameterType="java.lang.Integer" >
    <!--
      WARNING - @mbggenerated
      This element is automatically generated by MyBatis Generator, do not modify.
      This element was generated on Sat Jul 26 01:33:48 CST 2014.
    -->
    delete from public.users
    where id = #{id,jdbcType=INTEGER}
  </delete>
  <delete id="deleteByExample" parameterType="com.qunar.study.entity.UsersExample" >
    <!--
      WARNING - @mbggenerated
      This element is automatically generated by MyBatis Generator, do not modify.
      This element was generated on Sat Jul 26 01:33:48 CST 2014.
    -->
    delete from public.users
    <if test="_parameter != null" >
      <include refid="Example_Where_Clause" />
    </if>
  </delete>
  <insert id="insert" parameterType="com.qunar.study.entity.Users" >
    <!--
      WARNING - @mbggenerated
      This element is automatically generated by MyBatis Generator, do not modify.
      This element was generated on Sat Jul 26 01:33:48 CST 2014.
    -->
    insert into public.users (id, user_id, user_name, 
      user_type, leader_id)
    values (#{id,jdbcType=INTEGER}, #{userId,jdbcType=VARCHAR}, #{userName,jdbcType=VARCHAR}, 
      #{userType,jdbcType=INTEGER}, #{leaderId,jdbcType=VARCHAR})
  </insert>
  <insert id="insertSelective" parameterType="com.qunar.study.entity.Users" >
    <!--
      WARNING - @mbggenerated
      This element is automatically generated by MyBatis Generator, do not modify.
      This element was generated on Sat Jul 26 01:33:48 CST 2014.
    -->
    insert into public.users
    <trim prefix="(" suffix=")" suffixOverrides="," >
      <if test="id != null" >
        id,
      </if>
      <if test="userId != null" >
        user_id,
      </if>
      <if test="userName != null" >
        user_name,
      </if>
      <if test="userType != null" >
        user_type,
      </if>
      <if test="leaderId != null" >
        leader_id,
      </if>
    </trim>
    <trim prefix="values (" suffix=")" suffixOverrides="," >
      <if test="id != null" >
        #{id,jdbcType=INTEGER},
      </if>
      <if test="userId != null" >
        #{userId,jdbcType=VARCHAR},
      </if>
      <if test="userName != null" >
        #{userName,jdbcType=VARCHAR},
      </if>
      <if test="userType != null" >
        #{userType,jdbcType=INTEGER},
      </if>
      <if test="leaderId != null" >
        #{leaderId,jdbcType=VARCHAR},
      </if>
    </trim>
  </insert>
  <select id="countByExample" parameterType="com.qunar.study.entity.UsersExample" resultType="java.lang.Integer" >
    <!--
      WARNING - @mbggenerated
      This element is automatically generated by MyBatis Generator, do not modify.
      This element was generated on Sat Jul 26 01:33:48 CST 2014.
    -->
    select count(*) from public.users
    <if test="_parameter != null" >
      <include refid="Example_Where_Clause" />
    </if>
  </select>
  <update id="updateByExampleSelective" parameterType="map" >
    <!--
      WARNING - @mbggenerated
      This element is automatically generated by MyBatis Generator, do not modify.
      This element was generated on Sat Jul 26 01:33:48 CST 2014.
    -->
    update public.users
    <set >
      <if test="record.id != null" >
        id = #{record.id,jdbcType=INTEGER},
      </if>
      <if test="record.userId != null" >
        user_id = #{record.userId,jdbcType=VARCHAR},
      </if>
      <if test="record.userName != null" >
        user_name = #{record.userName,jdbcType=VARCHAR},
      </if>
      <if test="record.userType != null" >
        user_type = #{record.userType,jdbcType=INTEGER},
      </if>
      <if test="record.leaderId != null" >
        leader_id = #{record.leaderId,jdbcType=VARCHAR},
      </if>
    </set>
    <if test="_parameter != null" >
      <include refid="Update_By_Example_Where_Clause" />
    </if>
  </update>
  <update id="updateByExample" parameterType="map" >
    <!--
      WARNING - @mbggenerated
      This element is automatically generated by MyBatis Generator, do not modify.
      This element was generated on Sat Jul 26 01:33:48 CST 2014.
    -->
    update public.users
    set id = #{record.id,jdbcType=INTEGER},
      user_id = #{record.userId,jdbcType=VARCHAR},
      user_name = #{record.userName,jdbcType=VARCHAR},
      user_type = #{record.userType,jdbcType=INTEGER},
      leader_id = #{record.leaderId,jdbcType=VARCHAR}
    <if test="_parameter != null" >
      <include refid="Update_By_Example_Where_Clause" />
    </if>
  </update>
  <update id="updateByPrimaryKeySelective" parameterType="com.qunar.study.entity.Users" >
    <!--
      WARNING - @mbggenerated
      This element is automatically generated by MyBatis Generator, do not modify.
      This element was generated on Sat Jul 26 01:33:48 CST 2014.
    -->
    update public.users
    <set >
      <if test="userId != null" >
        user_id = #{userId,jdbcType=VARCHAR},
      </if>
      <if test="userName != null" >
        user_name = #{userName,jdbcType=VARCHAR},
      </if>
      <if test="userType != null" >
        user_type = #{userType,jdbcType=INTEGER},
      </if>
      <if test="leaderId != null" >
        leader_id = #{leaderId,jdbcType=VARCHAR},
      </if>
    </set>
    where id = #{id,jdbcType=INTEGER}
  </update>
  <update id="updateByPrimaryKey" parameterType="com.qunar.study.entity.Users" >
    <!--
      WARNING - @mbggenerated
      This element is automatically generated by MyBatis Generator, do not modify.
      This element was generated on Sat Jul 26 01:33:48 CST 2014.
    -->
    update public.users
    set user_id = #{userId,jdbcType=VARCHAR},
      user_name = #{userName,jdbcType=VARCHAR},
      user_type = #{userType,jdbcType=INTEGER},
      leader_id = #{leaderId,jdbcType=VARCHAR}
    where id = #{id,jdbcType=INTEGER}
  </update>
</mapper>