<?xml version="1.0" encoding="UTF-8" ?>
<!DOCTYPE generatorConfiguration PUBLIC "-//mybatis.org//DTD MyBatis Generator Configuration 1.0//EN" "http://mybatis.org/dtd/mybatis-generator-config_1_0.dtd" >
<generatorConfiguration>
	<classPathEntry
        location="/Users/liqiu/git/study/web/soft/postgresql-9.2-1003-jdbc4.jar" />
	<context id="tts2">
		<jdbcConnection driverClass="org.postgresql.Driver"
			connectionURL="jdbc:postgresql://l-pg1.tkt.dev.cn6.qunar.com:5433/crm"
			userId="menpiao_dev" password="d47cb904-8dce-49d0-bb1b-790cb48c2fcc">
		</jdbcConnection>

        <javaModelGenerator targetPackage="com.qunar.study.entity" targetProject="/Users/liqiu/git/study/web/src/main/java">
			<property name="enableSubPackages" value="false" />
			<property name="trimStrings" value="true" />
		</javaModelGenerator>

        <sqlMapGenerator targetPackage="mybatis" targetProject="/Users/liqiu/git/study/web/src/main/resources/">
		</sqlMapGenerator>

        <javaClientGenerator type="XMLMAPPER" targetPackage="com.qunar.study.mapper" targetProject="/Users/liqiu/git/study/web/src/main/java">
			<property name="enableSubPackages" value="false" />
		</javaClientGenerator>
		 
         <table schema="public" tableName="users" domainObjectName="Users"></table>
        <table schema="public" tableName="region_manager" domainObjectName="RegionManager"></table>
        <table schema="public" tableName="region" domainObjectName="Region"></table>
        <table schema="public" tableName="merchant" domainObjectName="Merchant"></table>
        <table schema="public" tableName="state_machine" domainObjectName="StateMachine"></table>
        <table schema="public" tableName="work_log" domainObjectName="WorkLog"></table>
        <table schema="public" tableName="contract" domainObjectName="Contract"></table>
        <table schema="public" tableName="notice" domainObjectName="Notice"></table>
        <table schema="public" tableName="contact_person_info" domainObjectName="ContactPersonInfo"></table>
        <table schema="public" tableName="express" domainObjectName="Express"></table>
        <table schema="public" tableName="comment" domainObjectName="Comment"></table>
        <!--	
        <table schema="public" tableName="operation" domainObjectName="Operation" enableCountByExample="true" enableUpdateByExample="true" enableDeleteByExample="true" enableSelectByExample="true" selectByExampleQueryId="true" ></table>
        -->
        </context>
</generatorConfiguration>

<!-- java -jar mybatis-generator-core-1.3.2.jar -configfile /home/reeboo/workspace/ticket-tts/mybatisGeneratorConfig.xml -->
